filename,chroma_stft,rmse,spectral_centroid,spectral_bandwidth,rolloff,zero_crossing_rate,mfcc1,mfcc2,mfcc3,mfcc4,mfcc5,mfcc6,mfcc7,mfcc8,mfcc9,mfcc10,mfcc11,mfcc12,mfcc13,mfcc14,mfcc15,mfcc16,mfcc17,mfcc18,mfcc19,mfcc20
full_dataset/cat_1.wav,0.49026811122894287,0.02836170606315136,1532.4459831084885,1642.5056427617455,3179.825492527174,0.07707160649585922,-316.01019287109375,130.9508056640625,-19.625652313232422,37.88703536987305,-7.202529430389404,14.094849586486816,-9.078204154968262,3.250739097595215,-1.6972311735153198,-0.2311089187860489,3.231752634048462,-3.2166659832000732,1.5898417234420776,-9.186468124389648,-0.08610989898443222,-5.72212553024292,-0.044562723487615585,-5.097544193267822,-2.0492188930511475,-0.26275211572647095
full_dataset/cat_2.wav,0.4724351763725281,0.028300104662775993,1493.9346330854612,1605.2643050420543,3099.6150417069634,0.07455214125967118,-315.4422607421875,127.57331848144531,-15.823197364807129,29.784997940063477,-1.5668646097183228,9.425674438476562,-5.925159931182861,2.0438716411590576,-1.0287227630615234,-2.4981327056884766,1.4575811624526978,-2.1282811164855957,1.2916370630264282,-8.028999328613281,-1.229845404624939,-3.0072522163391113,-0.19701528549194336,-3.686857223510742,-1.757264256477356,1.2997416257858276
full_dataset/cat_3.wav,0.5108262896537781,0.01965830847620964,1470.2205656304945,1596.5693811019976,3063.8031005859375,0.0754733615451389,-332.4216003417969,127.56900024414062,-13.465110778808594,23.871000289916992,0.47902441024780273,4.99635648727417,-3.298170328140259,0.5091268420219421,-2.006532669067383,-3.6583139896392822,1.7350789308547974,-0.2189115434885025,2.3425815105438232,-4.6189165115356445,-0.3887298107147217,-1.1579762697219849,-0.24655869603157043,-1.5065315961837769,-1.4733428955078125,0.3512929379940033
full_dataset/cat_4.wav,0.34291017055511475,0.1382467895746231,1696.0833280052784,1536.4459129700601,3277.96875,0.09598911830357143,-248.18898010253906,105.88568878173828,-29.406646728515625,41.08352279663086,-16.080129623413086,17.251365661621094,-2.1719858646392822,5.3951802253723145,0.15778088569641113,-7.591412544250488,7.378602027893066,6.581483364105225,28.05841827392578,2.85941219329834,-15.114322662353516,-14.224319458007812,-8.149517059326172,5.528611660003662,3.9786033630371094,-13.65830135345459
full_dataset/cat_5.wav,0.6497146487236023,0.028981825336813927,1815.17459349577,1881.0405833555674,3932.9333425259915,0.083586761061412,-355.3230285644531,87.23023986816406,-0.9487063884735107,53.11684036254883,-6.380586624145508,29.495994567871094,1.5071306228637695,13.650700569152832,4.823617935180664,-0.03646015375852585,8.793213844299316,5.296739101409912,5.2832255363464355,-7.093494892120361,9.334932327270508,0.6771736741065979,2.0254056453704834,5.147939682006836,6.3931427001953125,3.646353006362915
full_dataset/cat_6.wav,0.6758630275726318,0.028182556852698326,1445.2596951330413,1818.4394172983589,3434.871501307334,0.05461760490171371,-365.4178161621094,102.10118103027344,13.679622650146484,51.76034164428711,-2.391815662384033,28.151208877563477,5.9773101806640625,11.09328842163086,3.093635320663452,-0.27799877524375916,5.432924270629883,6.991565227508545,5.639024257659912,-8.043244361877441,11.084137916564941,0.10304518789052963,0.8855369687080383,8.59489917755127,6.021373748779297,2.553942918777466
full_dataset/cat_7.wav,0.6410502195358276,0.011247354559600353,1416.8697951611268,1866.196772096715,3568.1315104166665,0.05011402747319688,-414.5481262207031,111.56253051757812,15.91474437713623,46.88924789428711,-9.27182388305664,20.861160278320312,1.7990621328353882,9.984130859375,5.820043087005615,2.3516783714294434,5.19435977935791,5.481861114501953,3.372873306274414,-8.122810363769531,10.852777481079102,-1.899098515510559,3.8172991275787354,9.130227088928223,2.349515438079834,2.336022138595581
full_dataset/cat_8.wav,0.49239712953567505,0.07029969990253448,2584.5630157755822,2094.069342420672,5412.784705528846,0.16420522836538462,-215.5287322998047,93.24735260009766,-54.390281677246094,35.61979293823242,-30.27802276611328,38.05261993408203,-30.98846435546875,20.20571517944336,-5.532370090484619,2.5438153743743896,7.37503719329834,-1.5900933742523193,1.717802882194519,-18.570064544677734,1.287895679473877,-20.01348876953125,3.0036158561706543,-10.221843719482422,-5.834025859832764,-7.862743377685547
full_dataset/cat_9.wav,0.1889658421278,0.15299923717975616,1975.304509533294,1406.1014760651271,3205.192246547965,0.12395530523255814,-270.02984619140625,64.0581283569336,-66.59040832519531,17.47007942199707,6.397417068481445,12.753746032714844,-6.417483329772949,-1.6821006536483765,-13.661028861999512,11.248465538024902,-5.662410736083984,7.937827110290527,35.46999740600586,11.83392333984375,19.321218490600586,-6.853994846343994,-9.227090835571289,-9.269701957702637,6.981685161590576,13.296321868896484
full_dataset/cat_10.wav,0.3420501947402954,0.10143372416496277,2585.100473509308,1660.5557321520096,4447.616644965277,0.17215470679012346,-289.7843322753906,19.932920455932617,-87.98625946044922,26.221778869628906,-32.781150817871094,15.979036331176758,-28.91757583618164,9.893177032470703,6.386388301849365,4.214934825897217,0.07474018633365631,-3.4339358806610107,2.9119327068328857,-17.241531372070312,5.861964225769043,-9.826478004455566,7.310463905334473,11.654932022094727,17.640865325927734,17.503517150878906
full_dataset/cat_11.wav,0.46342241764068604,0.01311337761580944,1162.6942182748548,1486.1551834923723,2498.247240313709,0.0496752976910058,-370.46649169921875,118.2972412109375,12.055739402770996,15.983203887939453,16.898141860961914,-1.128043532371521,-7.200596809387207,-2.861757755279541,-13.110899925231934,-12.339883804321289,-1.6539299488067627,-9.342198371887207,-11.90627384185791,-7.09871768951416,-9.608956336975098,-9.24267292022705,-5.124138832092285,-6.686596870422363,-7.851543426513672,-8.323053359985352
full_dataset/cat_12.wav,0.4924183785915375,0.010276498273015022,1190.1132085513893,1476.7926459587284,2576.2939453125,0.05293251811594203,-397.18878173828125,154.7266082763672,-23.62618064880371,47.46601486206055,-1.1024625301361084,14.407227516174316,-16.169918060302734,3.910059690475464,-16.68803596496582,-13.17481517791748,3.437711238861084,-14.128767013549805,-5.329579830169678,-11.150310516357422,-3.490729331970215,-12.78903579711914,-4.353392601013184,-6.697173595428467,-5.936589241027832,-7.113724231719971
full_dataset/cat_13.wav,0.4422272741794586,0.011729571968317032,1229.3667652561007,1517.4544096726331,2613.9218873615505,0.058893517602848104,-393.3619384765625,133.1742706298828,0.08693749457597733,32.06309509277344,5.408539772033691,5.854221343994141,-10.293316841125488,-4.346130847930908,-11.665451049804688,-13.712332725524902,-1.0053642988204956,-12.699673652648926,-5.465802192687988,-4.335540771484375,-6.386651992797852,-5.6383209228515625,-5.021854400634766,-5.760702133178711,-3.3530895709991455,-5.15236759185791
full_dataset/cat_14.wav,0.17627939581871033,0.049088072031736374,2789.7663035356845,1493.6903720472694,4521.564342019087,0.1961204544036926,-425.4139709472656,-1.6445025205612183,-31.06062126159668,1.9905354976654053,-11.908110618591309,29.90509605407715,-10.436065673828125,24.1545467376709,-17.716602325439453,1.5977380275726318,7.206234455108643,5.7380452156066895,6.0452799797058105,-13.574280738830566,10.131209373474121,-6.398278713226318,5.752845764160156,-1.0791432857513428,5.805028438568115,-0.8514457941055298
full_dataset/cat_15.wav,0.4048801064491272,0.09752757102251053,1510.993041985923,1674.1123621726085,3113.328155757874,0.08268869955708662,-269.5244140625,102.508056640625,-22.593358993530273,43.78557205200195,-8.984057426452637,31.561168670654297,-8.02086067199707,18.20661735534668,-5.989189624786377,5.681868553161621,-0.26350924372673035,-4.689025402069092,13.12236499786377,9.222094535827637,22.29928207397461,-2.285543918609619,1.3204152584075928,-11.319684982299805,5.3002166748046875,6.450484752655029
full_dataset/cat_16.wav,0.708032488822937,0.08355148136615753,412.080969894281,691.2653570275967,662.9303180618791,0.01741159199089404,-392.86444091796875,73.69895935058594,40.54349899291992,38.70329284667969,25.955358505249023,20.979869842529297,13.379936218261719,13.268501281738281,12.374032974243164,9.144062042236328,11.980591773986816,16.381311416625977,18.132095336914062,14.260300636291504,10.63938045501709,6.628079891204834,5.7185468673706055,5.102544784545898,3.8647408485412598,3.0779080390930176
full_dataset/cat_17.wav,0.2359538972377777,0.14328008890151978,1607.186056052642,664.7632384558002,2237.4955610795455,0.14189009232954544,-294.0945129394531,141.31724548339844,-120.38005828857422,-37.17469787597656,11.540610313415527,-21.2185001373291,2.5061631202697754,-1.141729712486267,-9.872515678405762,8.126424789428711,-1.3610615730285645,-6.160731792449951,4.17025899887085,0.15774255990982056,1.1295109987258911,4.464879989624023,-0.5459215641021729,-4.487298488616943,-8.00618839263916,-10.030261993408203
full_dataset/cat_18.wav,0.17309555411338806,0.12161614000797272,1399.7862275249088,720.9031750112796,2066.8097245065787,0.11006887335526316,-294.3038635253906,120.61001586914062,-85.51193237304688,-42.721168518066406,-7.298239231109619,-18.103010177612305,1.0380278825759888,-8.11547565460205,-4.540883541107178,14.05060863494873,-5.187621116638184,-3.3929595947265625,15.710206031799316,4.005753517150879,0.3162288963794708,8.888237953186035,3.827692985534668,-1.524754524230957,-3.4865567684173584,-6.873050212860107
full_dataset/cat_19.wav,0.30180540680885315,0.09142471849918365,2000.6109723111435,1681.598338077592,3793.758877840909,0.12672230113636362,-282.3614196777344,98.97959899902344,-41.48505401611328,46.85283279418945,-9.987564086914062,46.215579986572266,8.903964042663574,22.120214462280273,1.2593011856079102,-15.702651023864746,-5.163729667663574,22.677413940429688,27.524015426635742,-10.360710144042969,-0.011884949170053005,0.6745753884315491,5.178452968597412,-6.551537990570068,24.263198852539062,10.356468200683594
full_dataset/cat_20.wav,0.6136500239372253,0.1013365387916565,857.4117019782259,1293.1668331290518,1479.132722553454,0.03202097039473684,-336.5987243652344,109.51671600341797,-17.789321899414062,45.661651611328125,10.720231056213379,29.277206420898438,13.385818481445312,14.353655815124512,5.2066121101379395,9.834405899047852,2.9080705642700195,-1.5660111904144287,3.473771333694458,1.2776724100112915,15.497886657714844,10.721711158752441,17.298513412475586,10.302295684814453,7.529245376586914,-0.05207129567861557
full_dataset/cat_21.wav,0.5024645924568176,0.006842890288680792,1399.3752179704245,1623.463934648164,2697.7422987782415,0.06818478327603143,-446.7557067871094,147.1473388671875,-16.76839828491211,35.63449478149414,-21.38214111328125,23.30832290649414,-12.828076362609863,13.10980224609375,-3.6447603702545166,0.5539225339889526,-0.15619951486587524,-4.704567909240723,5.0122833251953125,-8.445911407470703,8.579657554626465,-6.239416122436523,4.638401985168457,-3.072432518005371,1.1839816570281982,-0.658113420009613
full_dataset/cat_22.wav,0.4794243276119232,0.008367818780243397,1456.0285191582534,1654.150678814978,2887.65588708826,0.071044921875,-437.4521484375,142.8206024169922,-21.160409927368164,38.468544006347656,-23.439212799072266,28.39242935180664,-10.161506652832031,12.123291015625,-6.888794898986816,-3.469118356704712,-4.4225616455078125,-6.511663913726807,7.351006031036377,-4.3796916007995605,14.289079666137695,-4.720072269439697,4.229124546051025,-2.868412494659424,0.9909566640853882,-3.4252781867980957
full_dataset/cat_23.wav,0.461574524641037,0.008882592432200909,1409.9723054217209,1650.5121648734282,2792.7566225165565,0.06590826779801325,-442.20367431640625,136.67555236816406,-13.110453605651855,33.55915451049805,-17.584125518798828,23.956565856933594,-7.281867504119873,9.0747709274292,-8.281963348388672,-5.65195369720459,-4.580806732177734,-6.890987396240234,7.193026542663574,-2.4908432960510254,13.002815246582031,-1.3257725238800049,2.729140043258667,-2.354524612426758,0.8880666494369507,-3.679260492324829
full_dataset/cat_24.wav,0.5073735117912292,0.2732624411582947,891.9117304506905,1047.0111737443804,1515.2821416440217,0.05148536571557971,-111.05268859863281,206.4873046875,-29.90511703491211,43.58279800415039,-10.566298484802246,19.359554290771484,-7.98979377746582,3.733933925628662,4.974193572998047,-0.29238173365592957,3.4956161975860596,-4.939820289611816,-1.0444984436035156,-6.4244561195373535,-1.8834816217422485,-13.866058349609375,-2.3257555961608887,0.3817763328552246,6.389147758483887,5.366215229034424
full_dataset/cat_25.wav,0.5454388856887817,0.007879664190113544,1336.4927339940637,1767.1428634006572,2964.1693115234375,0.051290845114087304,-437.24591064453125,146.21534729003906,-5.574752330780029,47.93129348754883,-20.90890121459961,30.403459548950195,-11.906831741333008,15.8821382522583,-6.946696758270264,0.5658513307571411,0.12408079206943512,-3.181516647338867,8.108434677124023,-8.640192985534668,12.139803886413574,-4.221288681030273,7.77963924407959,-2.30145263671875,1.6640979051589966,-0.6694455742835999
full_dataset/cat_26.wav,0.5258990526199341,0.007603899110108614,1316.6095279491396,1784.1950325407483,2983.5154566271553,0.04712755926724138,-442.265380859375,145.94618225097656,-3.2063324451446533,46.34345245361328,-20.606050491333008,30.971275329589844,-10.36291790008545,16.28901481628418,-6.191129684448242,1.6749931573867798,-0.7646501064300537,-3.9151201248168945,7.079654693603516,-9.861458778381348,11.989791870117188,-2.7759478092193604,8.902443885803223,-2.375465154647827,0.8674152493476868,-1.8155943155288696
full_dataset/cat_27.wav,0.5325499773025513,0.01063537783920765,1503.29229959598,1730.9648544402137,3313.7322059044473,0.06441556490384616,-401.7947998046875,144.19544982910156,-25.259368896484375,45.350746154785156,-21.369998931884766,27.90462303161621,-9.589621543884277,11.221105575561523,-7.613654613494873,-2.448136329650879,-3.4640603065490723,-3.959247350692749,8.015618324279785,-6.10752534866333,17.274919509887695,-0.5535298585891724,6.875023365020752,-1.070928931236267,0.01870591752231121,-1.2689837217330933
full_dataset/cat_28.wav,0.4588650166988373,0.04924175515770912,1497.5010060691657,1494.9163615134516,2818.9336957507253,0.0873862880802708,-235.7751922607422,137.75234985351562,-42.56507110595703,19.384057998657227,-10.749472618103027,25.7391414642334,0.5842005610466003,6.954259395599365,3.421008348464966,3.2242391109466553,1.8156538009643555,-3.1125705242156982,3.88093638420105,-5.013742923736572,7.864461898803711,2.2752342224121094,7.9551310539245605,0.8264423608779907,1.415898084640503,3.564218282699585
full_dataset/cat_29.wav,0.4119642376899719,0.059449415653944016,1525.7808805142736,1455.864503183155,2776.825246312863,0.09435255984042554,-222.14968872070312,134.7816162109375,-44.90427780151367,17.77629280090332,-6.966556072235107,24.440670013427734,-2.55409574508667,5.653416156768799,5.790215492248535,2.384699583053589,2.2874903678894043,-0.9795306921005249,4.098768711090088,-3.122441291809082,6.913485527038574,0.37573477625846863,6.561590671539307,0.16171057522296906,1.2189953327178955,2.882124662399292
full_dataset/cat_30.wav,0.4042682349681854,0.07287075370550156,1547.6871061955428,1453.0634852876685,2804.668469309115,0.09397855718085106,-221.29721069335938,132.33197021484375,-47.22444534301758,16.796600341796875,-9.679675102233887,24.354440689086914,-1.4607610702514648,8.243791580200195,8.926799774169922,3.131098985671997,3.4040141105651855,-1.0968878269195557,3.9344489574432373,-3.605292558670044,5.262256145477295,0.7266334295272827,7.485785484313965,0.6157220602035522,0.6254722476005554,3.7520554065704346
full_dataset/cat_31.wav,0.32888665795326233,0.07509350031614304,2013.5277286009161,1683.5793497103039,3619.454698159661,0.13612473178917253,-223.97166442871094,91.72408294677734,-40.010440826416016,39.37040710449219,2.22116756439209,18.33323860168457,-3.9565515518188477,20.0208797454834,9.142263412475586,16.085216522216797,14.688438415527344,-2.4443767070770264,1.1650384664535522,-5.876471519470215,10.276329040527344,1.7808899879455566,2.3217289447784424,0.7693759799003601,7.314503192901611,-1.9084992408752441
full_dataset/cat_32.wav,0.49400413036346436,0.04950987547636032,1272.1203205049942,1045.6014292818681,2542.4840198863635,0.08727361505681819,-269.95263671875,212.56692504882812,-76.1596908569336,17.226213455200195,19.36638641357422,-45.661930084228516,8.626056671142578,-1.6269818544387817,-30.89027214050293,9.638012886047363,-7.179810523986816,-15.15127182006836,13.77807903289795,-9.187745094299316,-10.468865394592285,6.177662372589111,-10.387507438659668,-2.7238080501556396,7.890069484710693,-8.530591011047363
full_dataset/cat_33.wav,0.4943794906139374,0.09496742486953735,2238.5678722528305,1520.6837127627573,3730.062343534185,0.16363896322513813,-194.00050354003906,104.65870666503906,-94.42964172363281,39.97459411621094,-37.21484375,14.569973945617676,-23.381685256958008,18.102096557617188,-10.16862678527832,-4.067508220672607,0.2750052809715271,-9.06884479522705,6.45452356338501,-8.590635299682617,9.752196311950684,-4.3932204246521,5.835740566253662,-6.251725196838379,2.949840545654297,-0.7764503955841064
full_dataset/cat_34.wav,0.36093565821647644,0.09668152779340744,1240.8973217121077,1356.5778016905551,2158.146720096983,0.07391049817639257,-314.18939208984375,123.35962677001953,-2.763831853866577,-15.0757417678833,-14.292665481567383,7.735264778137207,-12.297836303710938,-1.715792179107666,-23.612834930419922,-27.16665267944336,-8.321647644042969,-5.506785869598389,-1.2040685415267944,9.16304874420166,14.24142837524414,-1.0640696287155151,1.5234572887420654,-6.487337112426758,0.32330581545829773,-0.3511233925819397
full_dataset/cat_35.wav,0.5641307234764099,0.025919431820511818,1429.2885516782585,1612.3125163034667,2782.6667882219144,0.07149302808544304,-330.8420715332031,144.0509033203125,-30.19260597229004,29.21682357788086,-13.282890319824219,27.509946823120117,-10.25794506072998,19.85586166381836,-0.7983866930007935,3.795102596282959,2.5333008766174316,-4.380331039428711,5.8725128173828125,-7.6988525390625,7.277493953704834,-5.397636890411377,7.457831859588623,-2.501131772994995,1.8298959732055664,1.7109055519104004
full_dataset/cat_36.wav,0.5996260046958923,0.026903491467237473,1254.0096353849372,1558.8790104191291,2439.686923884792,0.05519750362669246,-340.1812744140625,149.7291717529297,-23.715587615966797,28.462413787841797,-9.7262601852417,28.490201950073242,-4.542645454406738,16.935161590576172,-0.3134172260761261,3.9466612339019775,1.0784517526626587,-3.1786272525787354,5.108108043670654,-5.596332550048828,7.513659477233887,-4.6812262535095215,7.036578178405762,-2.0243093967437744,3.3706564903259277,1.8993494510650635
full_dataset/cat_37.wav,0.643186628818512,0.028960196301341057,978.9746321195609,1411.9535109687063,1858.1238383250725,0.034174020793036754,-336.7100830078125,150.53857421875,-3.902951955795288,16.243907928466797,3.78061580657959,24.89650535583496,4.299855709075928,11.088693618774414,3.557997465133667,3.4531750679016113,1.7255046367645264,-2.8415915966033936,2.7470650672912598,-0.04192100092768669,5.4910454750061035,-1.1342142820358276,5.580442428588867,0.4518805742263794,2.563662052154541,1.7933008670806885
full_dataset/cat_38.wav,0.49965038895606995,0.1886674016714096,1038.7037360285121,1601.8237679516992,2133.5686333745502,0.03989679350269784,-175.81092834472656,145.83763122558594,-2.9265263080596924,52.596763610839844,-9.399340629577637,43.3464241027832,-4.386752128601074,16.248483657836914,-2.8137338161468506,8.345788955688477,9.972201347351074,0.975653886795044,12.072555541992188,-2.4068331718444824,9.961688995361328,-5.5848846435546875,6.785243988037109,-3.2843825817108154,4.149278163909912,3.7622101306915283
full_dataset/cat_39.wav,0.536801278591156,0.025466682389378548,1657.0956908187222,1830.568270454194,3592.04787880566,0.0712922059415236,-380.60418701171875,85.98090362548828,-13.418550491333008,20.675580978393555,-4.518967628479004,22.04451560974121,-1.5690749883651733,16.83219337463379,10.964970588684082,9.767093658447266,4.838965892791748,2.51422381401062,7.970763683319092,2.4707140922546387,12.289104461669922,2.760728120803833,6.632564067840576,0.6274652481079102,6.197998046875,5.649586200714111
full_dataset/cat_40.wav,0.5426564812660217,0.0220249742269516,1702.834657922576,1745.0109931910438,3517.03431002176,0.080100791827853,-377.0987548828125,116.71756744384766,-43.13938903808594,34.47826385498047,-17.839696884155273,27.527896881103516,-12.63857650756836,16.72737693786621,-0.6746413111686707,8.1952486038208,2.851006269454956,-0.5371986031532288,9.910733222961426,-1.9944374561309814,14.166470527648926,-2.951523780822754,8.709288597106934,-2.3422417640686035,6.414079189300537,2.668278694152832
full_dataset/cat_41.wav,0.6270214319229126,0.028364885598421097,1871.4081314708444,1711.9822466238313,3614.760482463431,0.10302111037234042,-265.1745910644531,142.0533447265625,-64.25273132324219,42.561737060546875,-30.319847106933594,24.845739364624023,-25.98265838623047,13.129651069641113,-15.335285186767578,3.392796039581299,-1.132973551750183,-5.144400119781494,7.438297748565674,-10.488829612731934,9.45777702331543,-10.326040267944336,8.53584098815918,-4.923381805419922,5.362358570098877,-1.0738250017166138
full_dataset/cat_42.wav,0.4291187524795532,0.03300819918513298,1347.7312216744176,1792.929934234914,3202.5953990117264,0.0556640625,-318.7810974121094,136.21109008789062,0.029461976140737534,52.09292221069336,-10.553563117980957,34.08325958251953,-12.926125526428223,14.96048641204834,-5.247136116027832,2.4257588386535645,5.341126918792725,-0.020530598238110542,10.34823989868164,-4.911464691162109,9.824399948120117,-6.925107002258301,3.5189690589904785,-5.677511692047119,-0.08635791391134262,-1.8049360513687134
full_dataset/cat_43.wav,0.4905322194099426,0.03192494809627533,1337.0857147517952,1856.6911996531671,3266.7576802768376,0.04986418792311412,-324.46514892578125,126.77691650390625,7.466918468475342,52.580345153808594,-6.268824100494385,33.843379974365234,-8.907766342163086,15.547285079956055,-2.878541946411133,3.880211114883423,5.707949161529541,0.4883071184158325,9.373696327209473,-5.716975212097168,6.577658653259277,-8.00244140625,3.927016019821167,-4.191761493682861,0.06264538317918777,-2.023365020751953
full_dataset/cat_44.wav,0.524528980255127,0.03420667722821236,1226.2326074468713,1806.689362390859,2958.8370406189556,0.04300463914410058,-337.34368896484375,126.68944549560547,13.349143028259277,53.26822280883789,-3.077338695526123,33.04368591308594,-6.4212470054626465,16.09078025817871,-1.4297791719436646,4.053960800170898,5.458889007568359,0.1830107867717743,9.552035331726074,-4.697068214416504,5.9505839347839355,-7.669252395629883,3.5898895263671875,-3.993594169616699,0.035342395305633545,-1.0163394212722778
full_dataset/cat_45.wav,0.5100866556167603,0.0520036481320858,1973.907298842283,1834.1314991533475,3896.097279743976,0.12181146460843373,-262.6969909667969,105.4774169921875,-18.227251052856445,15.856165885925293,-26.14999008178711,19.809600830078125,-1.1695815324783325,12.501502990722656,-3.514862298965454,-1.795392394065857,3.3356270790100098,-0.725180983543396,5.890115737915039,-7.286560535430908,3.0256690979003906,-5.025642395019531,4.800426006317139,1.288155198097229,3.9412474632263184,3.185533046722412
full_dataset/cat_46.wav,0.26853957772254944,0.12842021882534027,1710.9242892237794,1045.847224728579,2604.61318359375,0.127982421875,-353.2822570800781,52.97366714477539,-50.68770980834961,-8.510393142700195,27.321409225463867,9.858482360839844,-0.4122496247291565,15.985628128051758,3.6398799419403076,-9.436311721801758,-6.841502666473389,-3.6061084270477295,2.2037131786346436,5.580618381500244,8.908187866210938,-1.7089496850967407,-6.562124252319336,-7.335974216461182,-11.135147094726562,-3.2472198009490967
full_dataset/cat_47.wav,0.27426207065582275,0.1428954154253006,1498.5115234610512,1030.9442241952613,2368.923070675169,0.11104006739603482,-346.9040222167969,75.8646011352539,-41.868797302246094,-38.4942512512207,10.780596733093262,19.34513282775879,-6.4745965003967285,5.63217306137085,15.902101516723633,7.13929557800293,-9.33100700378418,-15.65372085571289,-4.620019912719727,-1.8372935056686401,9.654767990112305,11.040661811828613,1.6839489936828613,-5.913974761962891,-15.913429260253906,-6.386429786682129
full_dataset/cat_48.wav,0.2880115211009979,0.14155355095863342,1429.7302034691709,1003.4913200472816,2280.1927607748034,0.10714847587180747,-342.7989807128906,95.09654235839844,-37.71104431152344,-52.63526916503906,-3.12196683883667,20.10383415222168,-8.158156394958496,-3.341458320617676,18.97341537475586,20.659868240356445,-3.861433506011963,-19.505050659179688,-5.143487453460693,-5.959128379821777,-1.0458427667617798,6.9001851081848145,3.64656400680542,3.2284140586853027,-6.124139308929443,-9.77610969543457
full_dataset/cat_49.wav,0.39797160029411316,0.04478271305561066,1452.510803813675,1395.5345350594203,2879.5348766924567,0.09065692244922631,-253.15760803222656,103.09065246582031,-29.209617614746094,27.212331771850586,-18.963422775268555,14.116665840148926,-12.025489807128906,10.337634086608887,-6.614821434020996,0.4696432650089264,-1.3173118829727173,-4.788872241973877,2.6841938495635986,-6.559751987457275,5.503847599029541,-7.421355724334717,2.8466835021972656,-6.82579231262207,-1.1692193746566772,-2.7810213565826416
full_dataset/cat_50.wav,0.5204728841781616,0.05298186093568802,1789.5295673917317,1692.2902928072447,3619.068239446272,0.11511349445662768,-181.94651794433594,123.49634552001953,-41.05582046508789,38.70994186401367,-27.998031616210938,21.086477279663086,-16.80068016052246,15.20124626159668,-7.357574939727783,1.993743658065796,-1.056735873222351,-4.762003421783447,4.40432596206665,-9.959684371948242,6.3791680335998535,-9.653763771057129,4.813209056854248,-9.53542709350586,-1.902374267578125,-4.614232063293457
full_dataset/cat_51.wav,0.5817937850952148,0.06623570621013641,2092.3373192264535,1873.827828930595,4333.609191776475,0.13185104871856868,-161.0526123046875,119.31188201904297,-49.5399169921875,58.370426177978516,-37.596622467041016,34.496917724609375,-21.390188217163086,24.110979080200195,-8.37690544128418,7.0288405418396,-0.17038385570049286,-2.101919174194336,7.802468776702881,-11.208534240722656,10.48746109008789,-12.25430965423584,8.540575981140137,-10.842781066894531,2.529564380645752,-5.058999538421631
full_dataset/cat_52.wav,0.3899601101875305,0.06666267663240433,1488.9960696476758,782.9368344798319,2300.4638671875,0.11566986908783784,-395.9373474121094,92.34886932373047,-63.886009216308594,-24.15548324584961,13.131792068481445,-18.171316146850586,-17.01161003112793,-8.118959426879883,-14.717973709106445,-8.553059577941895,-10.805562019348145,-17.358495712280273,-6.378729820251465,1.3579386472702026,5.789669036865234,11.57317066192627,3.336031436920166,-10.208161354064941,-12.276527404785156,-2.8684465885162354
full_dataset/cat_53.wav,0.20806445181369781,0.15226569771766663,2141.606791289004,1464.1349579649052,3309.4876802884614,0.11110276442307693,-246.23243713378906,63.566898345947266,-96.69570922851562,19.005346298217773,-47.19923400878906,-4.7618327140808105,-27.983705520629883,-12.944705963134766,-22.629087448120117,13.540790557861328,4.1993889808654785,23.727020263671875,9.113689422607422,-0.4817410707473755,0.959141194820404,-22.94508934020996,11.233122825622559,-19.930818557739258,4.877537727355957,-12.730289459228516
full_dataset/cat_54.wav,0.203640878200531,0.18199056386947632,2344.1443347243944,1503.0981721997011,3627.8865733045213,0.13162815824468085,-144.51976013183594,74.53508758544922,-127.77302551269531,17.98970603942871,-69.61449432373047,-0.11667414009571075,-24.296916961669922,14.742308616638184,-6.212128162384033,25.476844787597656,11.393596649169922,5.565659046173096,-6.3628339767456055,-18.931432723999023,2.087521553039551,-14.878023147583008,4.619873523712158,-15.044615745544434,17.618804931640625,0.81669682264328
full_dataset/cat_55.wav,0.21167093515396118,0.15110167860984802,2258.3583201831216,1434.1067089817957,3521.217041015625,0.13743896484375,-216.74490356445312,61.045433044433594,-116.32929992675781,18.013477325439453,-53.84209060668945,-4.128138065338135,-25.424724578857422,-2.5435500144958496,-10.894883155822754,20.896747589111328,15.200820922851562,10.761514663696289,-6.0987958908081055,-18.950862884521484,-6.4964189529418945,-12.555017471313477,8.731968879699707,-22.418487548828125,7.169231414794922,4.215023994445801
full_dataset/cat_56.wav,0.24135325849056244,0.15108951926231384,2312.4952997893747,1622.020528943192,3691.00634765625,0.14908203125,-187.71279907226562,73.4828872680664,-111.85306549072266,19.358322143554688,-44.58932113647461,0.16428688168525696,-28.364238739013672,1.0725126266479492,-20.781518936157227,24.08556365966797,9.58521842956543,16.566926956176758,-2.6290993690490723,-28.960046768188477,-1.976557970046997,-22.914573669433594,13.839085578918457,-20.558019638061523,-1.8875964879989624,-3.042417287826538
full_dataset/cat_57.wav,0.331301748752594,0.04287928715348244,2140.7670236401827,1746.9509333551978,3999.5946415618955,0.1399072171179884,-254.73655700683594,96.70863342285156,-55.52116394042969,20.298095703125,-14.868568420410156,24.5322265625,-17.002796173095703,6.51944637298584,-13.034807205200195,-4.332568168640137,-3.6931917667388916,-10.11026668548584,8.130496978759766,-5.842207908630371,2.501734972000122,-8.585362434387207,-3.3164608478546143,-9.30843734741211,-3.0276730060577393,-10.16367244720459
full_dataset/cat_58.wav,0.3029139041900635,0.04512106627225876,2258.2113912301165,1761.4564362046287,4204.1600712493955,0.15247691761363635,-247.2952423095703,95.73702239990234,-64.06188201904297,26.951862335205078,-19.203290939331055,28.386642456054688,-21.583629608154297,8.044677734375,-14.378291130065918,-2.5669541358947754,-2.876680612564087,-8.451520919799805,13.798880577087402,-3.9578940868377686,0.07099923491477966,-14.84566879272461,-5.1749396324157715,-9.015186309814453,1.5323257446289062,-12.255379676818848
full_dataset/cat_59.wav,0.3219536542892456,0.044446904212236404,2295.359618982203,1749.2024274965356,4243.228049066127,0.16090897757495165,-258.0392150878906,92.33290100097656,-64.65863800048828,26.663911819458008,-18.5166015625,26.627225875854492,-20.08183479309082,9.614968299865723,-12.840092658996582,-2.4291958808898926,-0.8803293108940125,-6.133737087249756,13.498974800109863,-4.308315277099609,1.017350673675537,-12.599197387695312,-6.199049472808838,-9.738327026367188,3.6276590824127197,-9.143505096435547
full_dataset/cat_60.wav,0.4536496102809906,0.07022373378276825,571.0832260296718,1099.7848972882066,914.7924135809076,0.02276611328125,-381.1903381347656,133.2399444580078,28.00178337097168,14.799955368041992,15.236498832702637,22.99090576171875,18.525527954101562,23.473636627197266,16.922426223754883,13.215444564819336,10.194228172302246,4.681402683258057,4.450430870056152,1.0647639036178589,1.5578999519348145,-0.19701479375362396,3.299142837524414,-1.6497020721435547,-2.7729599475860596,2.779937744140625
full_dataset/cat_61.wav,0.49614769220352173,0.039802372455596924,1779.9553154944113,1781.558242121405,3742.0637358889053,0.09799734599282296,-331.6158142089844,107.37837219238281,-16.372779846191406,23.974966049194336,-14.439214706420898,14.272526741027832,-3.211003541946411,8.109472274780273,1.8036084175109863,-0.8650135397911072,4.698328018188477,3.745727062225342,7.974565029144287,-4.145880222320557,4.0502238273620605,-1.9653294086456299,2.928192377090454,0.9424247741699219,-0.5862383842468262,-1.1962201595306396
full_dataset/cat_62.wav,0.4558899700641632,0.05364377424120903,1638.4862099407408,1720.8090834142204,3411.3258583172146,0.08341298204787234,-300.44171142578125,113.89469146728516,-15.651942253112793,16.517074584960938,-15.4039945602417,14.055901527404785,-3.3379368782043457,7.84950065612793,2.069398880004883,-1.7190485000610352,0.5373077988624573,-3.513862133026123,3.1329550743103027,-5.464674949645996,7.237368583679199,3.613987684249878,7.313475608825684,6.462310791015625,2.838392734527588,2.927335262298584
full_dataset/cat_63.wav,0.44984740018844604,0.05220850929617882,1430.604076184037,1625.1702151635075,2918.3113024359286,0.0691517695236944,-303.4859924316406,123.44461822509766,-9.09882926940918,15.816905975341797,-11.7760591506958,14.504888534545898,-3.3993451595306396,7.801698207855225,3.320099115371704,-3.297105073928833,-0.41096705198287964,-2.445474863052368,2.5435068607330322,-4.770173072814941,10.211345672607422,5.552885055541992,6.21864652633667,6.086578845977783,2.6999056339263916,4.263275146484375
full_dataset/cat_64.wav,0.5025785565376282,0.05880843847990036,2606.3484198535757,1941.1145095961829,4833.2855224609375,0.19233534071180555,-288.0019836425781,67.37889862060547,-51.27377700805664,20.701387405395508,-21.450218200683594,13.445568084716797,-18.82693862915039,15.165010452270508,-4.401529312133789,4.47122859954834,-4.277868270874023,-12.240843772888184,-0.34800985455513,-10.554384231567383,9.786904335021973,-8.594259262084961,2.6448416709899902,-4.673679351806641,-4.029409408569336,-7.114030361175537
full_dataset/cat_65.wav,0.5508717894554138,0.030355235561728477,2580.9463612427344,1990.9358555176466,4900.458091177591,0.19110970846036585,-295.5605773925781,85.74430084228516,-53.8617057800293,27.575904846191406,-30.12427520751953,21.796571731567383,-23.54117202758789,14.524211883544922,-10.863161087036133,2.2527990341186523,-3.2858128547668457,-9.282041549682617,2.822291612625122,-11.940305709838867,10.379322052001953,-11.892172813415527,3.5110578536987305,-6.529703140258789,-2.6292436122894287,-6.477437973022461
full_dataset/cat_66.wav,0.2561584413051605,0.1807335615158081,2329.078106100609,1705.9265135098751,4339.990829839939,0.16340748856707318,-174.12754821777344,82.60904693603516,-90.40437316894531,-1.6626567840576172,-15.737704277038574,39.86979675292969,-51.44280242919922,36.6419677734375,-7.576826572418213,-21.66499900817871,19.23382568359375,3.9784064292907715,20.713958740234375,2.453087091445923,9.617534637451172,11.047630310058594,9.935684204101562,-13.429512977600098,8.35776424407959,-2.7156529426574707
full_dataset/cat_67.wav,0.17131848633289337,0.1587170958518982,1356.0788424641055,779.2737943856257,2038.3931004723838,0.12761173691860464,-392.9720764160156,75.13275909423828,-45.97494888305664,-22.648752212524414,3.6756772994995117,-1.0715407133102417,-18.351520538330078,-15.136000633239746,-3.9506914615631104,-10.738973617553711,0.3269980549812317,20.01948356628418,49.76377487182617,68.81954193115234,36.21210861206055,-0.35541877150535583,-21.640522003173828,-19.807218551635742,7.517463207244873,12.245595932006836
full_dataset/cat_68.wav,0.10995948314666748,0.09010398387908936,1007.6632930924676,506.84980121605025,1395.4360064338234,0.0787808287377451,-423.5101623535156,26.07421875,-44.36134719848633,-2.848201274871826,4.41454553604126,-10.947811126708984,-13.125495910644531,-4.972651481628418,14.219382286071777,20.155750274658203,18.818431854248047,19.32278823852539,9.749764442443848,-1.029229760169983,-9.597704887390137,-7.106523513793945,4.396109104156494,4.061686992645264,1.1458253860473633,2.16772723197937
full_dataset/cat_69.wav,0.589248538017273,0.01150675117969513,1201.4430128375755,1682.7101762376547,2614.9136280450293,0.03739580770177165,-446.89453125,107.67483520507812,6.9968581199646,10.696127891540527,10.820579528808594,24.350526809692383,8.109391212463379,11.840920448303223,12.381537437438965,11.329683303833008,11.780139923095703,5.6838459968566895,6.758673667907715,2.349156141281128,4.616965293884277,3.269941568374634,3.6213414669036865,2.408740520477295,2.3563215732574463,2.10197377204895
full_dataset/cat_70.wav,0.5476064682006836,0.1289464235305786,1429.7055501429138,1874.965998671567,3135.3477076480262,0.05898780153508772,-269.8900451660156,82.26038360595703,-20.191730499267578,38.48204803466797,-5.233832836151123,44.03337860107422,7.811784744262695,47.7046012878418,26.887365341186523,23.702173233032227,1.7941967248916626,-11.643672943115234,12.641111373901367,11.410904884338379,19.443397521972656,-6.585268974304199,16.890535354614258,1.502201795578003,-4.267563343048096,6.6179704666137695
full_dataset/cat_71.wav,0.514199435710907,0.08521999418735504,1748.7414790044813,1815.5836607221092,3676.9121013703893,0.08018085083674864,-269.6887512207031,94.57463836669922,-22.91692352294922,40.90160369873047,-4.823210716247559,37.99091339111328,2.5120646953582764,26.944124221801758,7.728285312652588,-1.054755687713623,6.917380332946777,8.833889961242676,16.494306564331055,-2.4240047931671143,10.129926681518555,1.1745907068252563,5.536970138549805,1.7746318578720093,11.509578704833984,5.998056888580322
full_dataset/cat_72.wav,0.5195198059082031,0.05950859561562538,1679.2959879627465,1886.1654151451423,3757.1661698190787,0.077544392665692,-257.56201171875,103.77366638183594,-9.433438301086426,50.807716369628906,-15.293992042541504,28.56627655029297,-3.775782823562622,17.86069679260254,7.1359782218933105,13.150558471679688,12.268381118774414,6.5244140625,9.74910831451416,-4.109901428222656,3.1789369583129883,-10.507574081420898,4.253542423248291,-3.2192189693450928,0.7679311037063599,-6.012949466705322
full_dataset/cat_73.wav,0.5222768187522888,0.056839391589164734,1670.819068623146,1916.6540423482973,3828.286973374033,0.07436041767408123,-259.401611328125,102.92574310302734,-9.241606712341309,49.875423431396484,-15.923541069030762,30.120840072631836,-3.2570853233337402,18.566814422607422,8.886910438537598,13.826390266418457,12.07590103149414,7.925818920135498,11.597362518310547,-3.335298538208008,3.2247722148895264,-10.837121963500977,5.288508892059326,-2.7924044132232666,-0.28964558243751526,-6.690440654754639
full_dataset/cat_74.wav,0.5225935578346252,0.05327988043427467,1726.3955657009283,1934.4630857768248,3988.021531745569,0.07955522679570895,-276.4873352050781,106.08903503417969,-22.794397354125977,58.41913604736328,-23.741487503051758,37.00557327270508,-6.795406341552734,22.664981842041016,7.25289249420166,14.080652236938477,10.765360832214355,9.538544654846191,14.154364585876465,-5.302664279937744,5.909368515014648,-12.21071720123291,7.685870170593262,-4.498361110687256,0.10273070633411407,-5.872180461883545
full_dataset/cat_75.wav,0.23079724609851837,0.08579767495393753,1839.6426961409259,873.2612304631961,2582.321885052849,0.15540268841911764,-356.8558654785156,52.324066162109375,-83.71659851074219,-15.044273376464844,0.17202669382095337,-27.0111026763916,-12.718938827514648,5.422357082366943,10.93817138671875,3.4832427501678467,-18.181604385375977,-15.76107406616211,-3.224141836166382,-2.673914670944214,20.775211334228516,30.822509765625,11.75131607055664,-9.415523529052734,-14.270198822021484,0.26088377833366394
full_dataset/cat_76.wav,0.6274999976158142,0.0689798966050148,816.3691653131388,1478.0066039091314,1451.69677734375,0.02341424851190476,-381.87506103515625,93.3078842163086,10.608132362365723,37.75493240356445,6.407776832580566,24.006193161010742,8.904035568237305,17.06761932373047,14.353330612182617,11.355611801147461,15.938932418823242,6.854404449462891,7.993206977844238,0.5442529320716858,6.266829490661621,8.767433166503906,10.36469841003418,6.323451995849609,8.427230834960938,10.854399681091309
full_dataset/cat_77.wav,0.4706394672393799,0.14581948518753052,1116.010401541285,1450.370836173425,1863.6008522727273,0.04828805634469697,-348.09930419921875,82.53097534179688,5.826748847961426,28.468523025512695,-10.814962387084961,12.392875671386719,5.691891670227051,22.36741828918457,29.82318687438965,22.051809310913086,19.548166275024414,-7.2144365310668945,-7.345010280609131,-3.689180850982666,3.2210283279418945,11.992114067077637,5.8740973472595215,10.65765380859375,19.05155372619629,1.9828259944915771
full_dataset/cat_78.wav,0.2837642729282379,0.11798162013292313,1675.081887975245,1723.9597705741407,3400.229439277767,0.07412955930727554,-223.75367736816406,112.62018585205078,-32.850608825683594,42.01168441772461,-16.735925674438477,24.447425842285156,-15.792328834533691,12.730958938598633,-7.778534889221191,-0.8144452571868896,-3.5064806938171387,-5.386499404907227,2.0088951587677,-9.261850357055664,15.586281776428223,-2.9376025199890137,13.770580291748047,2.447706937789917,2.810436248779297,0.9905684590339661
full_dataset/cat_79.wav,0.5131412744522095,0.06363613158464432,2358.653433892902,1703.5379153269585,4265.048328842613,0.16972893197573657,-426.4593200683594,31.17011070251465,-27.656530380249023,4.565134525299072,4.929878234863281,7.125760555267334,-7.731518268585205,-5.302365303039551,-5.431580543518066,-2.163914442062378,4.332857131958008,2.808478593826294,5.802488327026367,-3.154132604598999,-6.99943208694458,-6.379932880401611,1.1172431707382202,2.0738778114318848,-7.616305828094482,-8.663278579711914
full_dataset/cat_80.wav,0.3632407486438751,0.10114745050668716,1541.6224044061423,1256.5959629297731,2668.7110231633774,0.10483674463937621,-154.2981414794922,155.34271240234375,-82.63104248046875,26.538000106811523,-25.378826141357422,0.7734164595603943,-24.151887893676758,-3.3385658264160156,-7.319243431091309,4.545147895812988,7.573781490325928,-0.025096038356423378,4.90988302230835,-9.962397575378418,3.515024423599243,-7.1191816329956055,-0.7748024463653564,-6.197378158569336,2.786872386932373,1.9882444143295288
full_dataset/cat_81.wav,0.35947832465171814,0.11796010285615921,1409.0817771122038,1238.4808068486868,2514.8657084894826,0.08988530585106383,-136.6985321044922,167.32687377929688,-73.56575012207031,22.252607345581055,-29.036396026611328,-1.0836858749389648,-23.852209091186523,-2.9213132858276367,-12.443530082702637,4.768492221832275,9.064343452453613,-6.363440036773682,2.2730743885040283,-12.638070106506348,-0.2615107297897339,-8.640039443969727,-3.94866681098938,-8.079103469848633,2.1626203060150146,1.2061262130737305
full_dataset/cat_82.wav,0.3284914493560791,0.09448500722646713,1446.9290826857027,1276.555698044807,2592.168658199347,0.09150787294487428,-162.2478790283203,159.11524963378906,-68.67382049560547,21.315673828125,-27.06366539001465,-1.863378643989563,-21.010826110839844,-3.2474045753479004,-11.048901557922363,7.590656757354736,11.876927375793457,-1.9994916915893555,5.206066608428955,-12.973682403564453,-1.0380635261535645,-6.403853893280029,-2.6897284984588623,-7.238475799560547,1.2873526811599731,1.6101675033569336
full_dataset/cat_83.wav,0.211301788687706,0.08379015326499939,2039.7487495587957,1699.0791223539438,3898.2609238735463,0.11749977289244186,-277.7286682128906,71.32347869873047,-72.26080322265625,4.5656418800354,-46.916954040527344,35.93724060058594,-27.030029296875,-14.983410835266113,-23.19408416748047,-16.380956649780273,-38.39580154418945,-28.771617889404297,2.898736000061035,-10.119446754455566,27.445510864257812,-0.12005186825990677,18.527490615844727,7.401800632476807,-11.558597564697266,-15.931466102600098
full_dataset/cat_84.wav,0.3962803781032562,0.18271519243717194,2166.2316466046523,1233.6666953368954,3320.359650822996,0.18320486442430026,-93.45539855957031,120.13117980957031,-138.7327117919922,25.46500587463379,-42.23908615112305,12.926153182983398,-21.090030670166016,5.309449195861816,-0.6901130080223083,0.9513941407203674,12.168449401855469,4.643673419952393,14.272941589355469,-8.948453903198242,6.991503715515137,-7.538143157958984,-0.7814459800720215,-3.9479880332946777,-0.12755897641181946,4.94685173034668
full_dataset/cat_85.wav,0.20691879093647003,0.15546539425849915,2088.4125114799804,1567.8567681785219,3334.8975648271276,0.12904130651595744,-196.13165283203125,86.92399597167969,-103.48902893066406,-26.591732025146484,-21.76024055480957,25.40247344970703,-45.07339859008789,15.103720664978027,-4.351069450378418,-6.7417802810668945,19.63532829284668,-14.475273132324219,-1.080942988395691,-23.402795791625977,0.09349192678928375,5.8282036781311035,-1.587645173072815,-0.17367084324359894,8.739314079284668,19.245176315307617
full_dataset/cat_86.wav,0.3200025260448456,0.1067691296339035,1943.3042013649708,1689.9421710383237,3253.191583806818,0.11482218952922078,-220.10597229003906,114.89913177490234,-72.65465545654297,-3.8448421955108643,-6.099860191345215,48.585304260253906,-35.68900680541992,27.570499420166016,9.995584487915039,10.469860076904297,23.912689208984375,-2.222106456756592,10.852027893066406,-18.213346481323242,5.170712471008301,5.5424981117248535,7.685736179351807,1.9809954166412354,8.20788288116455,13.111310005187988
full_dataset/cat_87.wav,0.5710618495941162,0.012389513663947582,2608.580858211268,2119.3928349528796,5260.437887821471,0.19187233664772727,-339.62628173828125,69.45409393310547,-23.172584533691406,20.883447647094727,-18.633085250854492,10.303953170776367,-15.218890190124512,4.541437149047852,-9.718249320983887,-10.618144989013672,-12.210052490234375,-17.827068328857422,-4.862938404083252,-13.75619125366211,-1.6038501262664795,-9.197192192077637,-2.657893657684326,-5.7458367347717285,-4.661252975463867,-7.205685615539551
full_dataset/cat_88.wav,0.6053813695907593,0.01273947861045599,2478.4930955877635,2114.3656004719437,5132.7850341796875,0.18021744016617064,-327.8780517578125,77.86817932128906,-22.357900619506836,23.916748046875,-19.75165557861328,10.899739265441895,-13.233440399169922,6.605710983276367,-12.492338180541992,-11.896753311157227,-15.93781566619873,-20.258466720581055,-5.342390537261963,-17.382827758789062,-1.77534019947052,-10.020703315734863,-3.1134860515594482,-5.450325012207031,-3.79205584526062,-6.958378314971924
full_dataset/cat_89.wav,0.6260780096054077,0.009145797230303288,2320.988188153273,2097.732213683308,4936.278877749463,0.16244362761534334,-348.3618469238281,122.22394561767578,-56.824344635009766,54.911983489990234,-47.552791595458984,36.636592864990234,-27.95179557800293,23.31028938293457,-25.054887771606445,-5.725991249084473,-18.398366928100586,-22.951366424560547,-1.9174619913101196,-25.233863830566406,5.348181247711182,-19.153249740600586,4.471761226654053,-11.869524002075195,1.3456861972808838,-10.060205459594727
full_dataset/cat_90.wav,0.43827059864997864,0.12157372385263443,1503.570759640749,1643.420892778418,3183.992574789492,0.07469405983159393,-191.28964233398438,116.67823791503906,-22.080211639404297,38.212242126464844,-10.119138717651367,16.03215980529785,0.23735813796520233,9.901920318603516,5.554542541503906,2.107306957244873,4.698610782623291,-5.390806674957275,1.173780918121338,-5.617153167724609,4.390752792358398,7.2334184646606445,12.622820854187012,9.310470581054688,10.364561080932617,6.5029730796813965
full_dataset/cat_91.wav,0.3895007073879242,0.1453600972890854,2977.4217831541364,2069.4651329491912,5427.000517003677,0.20480047487745098,-123.32400512695312,86.6207504272461,-68.3522720336914,57.26810073852539,-61.85437774658203,36.00889587402344,-32.8493537902832,14.541099548339844,-29.006772994995117,2.960667610168457,-8.942377090454102,-6.239332675933838,14.554911613464355,-9.043035507202148,15.57957935333252,-17.342554092407227,12.952012062072754,-6.183648109436035,0.7245046496391296,-14.065186500549316
full_dataset/cat_92.wav,0.3150864541530609,0.10845809429883957,1994.5428865625086,1520.7708469992108,3400.927734375,0.14130261479591838,-159.97149658203125,133.191650390625,-81.25358581542969,41.616790771484375,-30.25943374633789,18.92145347595215,-30.523120880126953,19.361719131469727,-11.293863296508789,-9.114673614501953,6.578261852264404,-12.078927040100098,1.7593003511428833,-10.627192497253418,12.817952156066895,-6.158597946166992,8.8648042678833,2.226814031600952,-0.19892920553684235,-1.151231288909912
full_dataset/cat_93.wav,0.5828227400779724,0.042901117354631424,2533.0137020428615,2131.4585052927414,5251.616962139423,0.16778094951923078,-200.25831604003906,119.68071746826172,-62.741180419921875,49.86555480957031,-53.168643951416016,28.91776466369629,-39.99049377441406,26.379047393798828,-29.179033279418945,-7.452211856842041,-12.054447174072266,-13.613190650939941,4.682788848876953,-12.19334888458252,9.3267822265625,-22.123212814331055,7.845207214355469,-14.5309419631958,1.2186756134033203,-8.984312057495117
full_dataset/cat_94.wav,0.49339139461517334,0.042275574058294296,1907.4745617226638,2005.4142422356813,4419.469572368421,0.0977895041423002,-281.7747802734375,102.39347076416016,-10.260878562927246,30.8542423248291,-9.384540557861328,27.26070213317871,-4.475926399230957,9.287545204162598,-4.107944488525391,2.0404317378997803,6.166774272918701,0.6833784580230713,7.324902534484863,-6.977310657501221,1.042164921760559,-10.626654624938965,1.984810709953308,-2.0503928661346436,-1.5629805326461792,-1.3248231410980225
full_dataset/cat_95.wav,0.460053026676178,0.03484436869621277,1817.9871177565815,2020.1157821866777,4370.677955376572,0.08615377931576403,-287.140625,106.57305908203125,-2.2991440296173096,29.779754638671875,-10.50741195678711,26.3873348236084,-4.819260597229004,9.082767486572266,-4.469775199890137,-1.0891309976577759,3.5877721309661865,1.1483919620513916,7.494417190551758,-6.319825172424316,0.8945897817611694,-12.503169059753418,0.15306274592876434,-2.5579230785369873,-1.9839305877685547,-2.2082083225250244
full_dataset/cat_96.wav,0.44933709502220154,0.03446268290281296,1816.5079933350726,2017.4864015231894,4369.719998564434,0.08530849552707931,-293.42633056640625,110.6285171508789,-7.254803657531738,35.974464416503906,-13.592193603515625,29.563671112060547,-6.739513397216797,10.415316581726074,-5.299419403076172,0.8394975662231445,5.5172529220581055,0.4307151734828949,7.724732875823975,-9.271381378173828,-0.060184381902217865,-13.549758911132812,1.460241436958313,-2.1527273654937744,-2.0751500129699707,-2.7423410415649414
full_dataset/cat_97.wav,0.3834136724472046,0.11438337713479996,1433.8409379763073,1188.07164094895,2480.9419201266383,0.09964186145413306,-156.88121032714844,164.5126953125,-94.16242980957031,5.501032829284668,-31.833269119262695,-25.51630973815918,-38.904518127441406,-7.444314479827881,-36.05118942260742,-11.613846778869629,-17.172224044799805,-11.114938735961914,6.105690956115723,-22.345195770263672,2.5025482177734375,-20.440183639526367,-5.015969753265381,-10.311849594116211,-12.956110954284668,1.154341459274292
full_dataset/cat_98.wav,0.36563315987586975,0.0768844485282898,1526.0748539928722,1182.2070851556068,2552.101073274299,0.11080301015473888,-201.50985717773438,153.46575927734375,-97.60626220703125,2.6542747020721436,-26.666748046875,-25.066993713378906,-34.44749069213867,-8.669659614562988,-31.99278450012207,-6.30314826965332,-14.377141952514648,-8.545614242553711,8.183737754821777,-19.118499755859375,3.5588700771331787,-19.243940353393555,-5.865897178649902,-7.520239353179932,-10.684141159057617,0.5542736053466797
full_dataset/cat_99.wav,0.3577273190021515,0.0570635050535202,1577.8721242139181,1157.748400161905,2556.786731594536,0.11809700646760155,-233.427490234375,142.15982055664062,-95.76315307617188,-2.481039047241211,-20.82698631286621,-25.81220245361328,-27.28164291381836,-11.708805084228516,-24.20270538330078,-4.218966960906982,-13.962518692016602,-4.793078422546387,8.855838775634766,-10.881661415100098,5.972888946533203,-15.888826370239258,-8.493876457214355,-8.496997833251953,-8.311067581176758,1.393734097480774
full_dataset/cat_100.wav,0.2577145993709564,0.22421421110630035,1884.100373851767,1532.0068652787465,3504.52880859375,0.11050851004464286,-194.1560821533203,96.25028228759766,-44.438072204589844,41.62685012817383,-21.592195510864258,19.34910011291504,-0.2880704700946808,0.6055945158004761,-5.80121374130249,-5.303532123565674,10.850777626037598,4.363003253936768,27.80223274230957,1.9569350481033325,-15.019845008850098,-15.748174667358398,-13.17662239074707,4.247687339782715,1.6549750566482544,-18.195438385009766
full_dataset/cat_101.wav,0.39775314927101135,0.06492929905653,1908.8523201376568,1700.5592093618377,3715.8667779737902,0.11223873015372984,-260.6388854980469,90.66973876953125,-41.669639587402344,0.6747406721115112,-28.410785675048828,1.020653247833252,-18.489160537719727,-11.60791015625,-4.778861045837402,-7.162281513214111,-8.624866485595703,-12.645851135253906,-3.5641088485717773,-12.35879135131836,-3.825286388397217,-5.312829494476318,-3.4395649433135986,-2.4511778354644775,-2.4120981693267822,1.5701109170913696
full_dataset/cat_102.wav,0.36533933877944946,0.05200934782624245,1756.3887315201534,1624.0410931994436,3353.8731343877294,0.10062671047606925,-280.03094482421875,109.93842315673828,-48.04194259643555,5.455308437347412,-34.924095153808594,6.428154945373535,-21.479692459106445,-9.50996208190918,-6.877504348754883,-5.538686752319336,-6.546352386474609,-13.65931510925293,-4.86699104309082,-14.70980167388916,-3.61173939704895,-7.10612154006958,1.311652660369873,-0.5997968912124634,4.544626235961914,8.665427207946777
full_dataset/cat_103.wav,0.39129775762557983,0.04492608830332756,1759.4302366407303,1635.5760500563908,3393.270454923235,0.10230767196566731,-283.51312255859375,110.42778015136719,-46.49462890625,8.091955184936523,-31.841407775878906,5.13286828994751,-21.69527816772461,-8.383384704589844,-6.338016510009766,-6.328020095825195,-7.0037055015563965,-13.943419456481934,-4.845384120941162,-13.666162490844727,-2.067901372909546,-4.145746231079102,4.453002452850342,0.03173262998461723,1.8833695650100708,4.357200622558594
